"iso","adm1","umd_tree_cover_extent_2000__ha","area__ha"
"MEX",16,2386409.86208154674768795,5859577.80700456280072092
