"iso","adm1","umd_tree_cover_extent_2000__ha","area__ha"
"MEX",16,274024.33381341469484917,280546.84902036088618994
